{"cameraMode":{"drawMode":0,"name":"Shaded","section":"Shading Mode"},"sceneLighting":true,"audioPlay":false,"sceneViewState":{"m_AlwaysRefresh":false,"showFog":true,"showSkybox":true,"showFlares":true,"showImageEffects":true,"showParticleSystems":true,"showVisualEffectGraphs":true,"m_FxEnabled":true},"in2DMode":false,"pivot":{"x":2.682616710662842,"y":1.6061863899230958,"z":-0.7022426724433899},"rotation":{"x":0.22628599405288697,"y":-0.6973657608032227,"z":0.24944047629833222,"w":0.632677435874939},"size":3.5817599296569826,"orthographic":false}